quotation_number,date,status,project_name,customer_code,customer_name,customer_tax_id,customer_address,customer_phone,contact_name,item_index,product_code,product_name,description,unit,quantity,unit_price,discount,item_total,subtotal,global_discount_percent,has_vat,has_wht,grand_total,notes
"SST-QT-2607-001","2026-07-01","sent","ปรับประตู REGUS Phahon 19","CUS-2606-0036","SPACES Phahon 19","","","","","1","Other","Other","แก้ไขประตูตก ปิดไม่สนิท","EACH","1","3500","0","3500","12519","0","true","false","12519","กำหนดยืนราคา 30 วัน นับจากวันที่เสนอราคา รับประกันงาน 6 เดือน"
"SST-QT-2607-001","2026-07-01","sent","ปรับประตู REGUS Phahon 19","CUS-2606-0036","SPACES Phahon 19","","","","","2","Other","Other","โช้คอัพสำหรับประตูบานข้างบันไดเลื่อน","EACH","1","4000","0","4000","12519","0","true","false","12519","กำหนดยืนราคา 30 วัน นับจากวันที่เสนอราคา รับประกันงาน 6 เดือน"
"SST-QT-2607-001","2026-07-01","sent","ปรับประตู REGUS Phahon 19","CUS-2606-0036","SPACES Phahon 19","","","","","3","Other","Other","แก้ไขประตูปิดไม่สนิท เสริม Plate ด้านบนบานขวาง","EACH","1","4000","0","4000","12519","0","true","false","12519","กำหนดยืนราคา 30 วัน นับจากวันที่เสนอราคา รับประกันงาน 6 เดือน"
"SST-QT-2607-001","2026-07-01","sent","ปรับประตู REGUS Phahon 19","CUS-2606-0036","SPACES Phahon 19","","","","","4","RFDTCT","Door Contact","","EACH","1","200","0","200","12519","0","true","false","12519","กำหนดยืนราคา 30 วัน นับจากวันที่เสนอราคา รับประกันงาน 6 เดือน"
"SST-QT-2607-002","2026-07-15","sent","Incident #INC0754101 - Lock Offline Room 3048","CUS-2606-0026","Regus Singha Complex","","","","","1","EM450000IMB3","SALTO XS4+ Escutcheon, EURO, U Hand","Incident #INC0754101 - Lock Offline Room 3048","EACH","1","10500","0","10500","11235","0","true","false","11235","กำหนดยืนราคา 30 วัน นับจากวันที่เสนอราคา"
"SST-QT-2607-003","2026-07-17","sent","ABLOY -  งานกองบิน","CUS-2606-0102","บริษัท ไอพีเอ็ม เทคโนเวชั่น  จำกัด","0105538132411","115 ซอยพหลโยธิน 54/4 แยก 3-4 (ขานไข 2) แขวงสายไหม เขตสายไหม กรุงเทพมหานคร 10220","","","1","AB-EL560","ABLOY Electric Lock Case 60/24mm","","","11","44100","0","485100","596930","10","true","false","596930","กำหนดยืนราคา 30 วัน นับจากวันที่เสนอราคา"
"SST-QT-2607-003","2026-07-17","sent","ABLOY -  งานกองบิน","CUS-2606-0102","บริษัท ไอพีเอ็ม เทคโนเวชั่น  จำกัด","0105538132411","115 ซอยพหลโยธิน 54/4 แยก 3-4 (ขานไข 2) แขวงสายไหม เขตสายไหม กรุงเทพมหานคร 10220","","","2","EA342","EA342","Strike Plate DIN","EACH","11","1290","0","14190","596930","10","true","false","596930","กำหนดยืนราคา 30 วัน นับจากวันที่เสนอราคา"
"SST-QT-2607-003","2026-07-17","sent","ABLOY -  งานกองบิน","CUS-2606-0102","บริษัท ไอพีเอ็ม เทคโนเวชั่น  จำกัด","0105538132411","115 ซอยพหลโยธิน 54/4 แยก 3-4 (ขานไข 2) แขวงสายไหม เขตสายไหม กรุงเทพมหานคร 10220","","","3","EA218","EA218","ABLOY Cable for EL560 6m","EACH","11","2845","0","31295","596930","10","true","false","596930","กำหนดยืนราคา 30 วัน นับจากวันที่เสนอราคา"
"SST-QT-2607-003","2026-07-17","sent","ABLOY -  งานกองบิน","CUS-2606-0102","บริษัท ไอพีเอ็ม เทคโนเวชั่น  จำกัด","0105538132411","115 ซอยพหลโยธิน 54/4 แยก 3-4 (ขานไข 2) แขวงสายไหม เขตสายไหม กรุงเทพมหานคร 10220","","","4","CY321T","CY321T","PROTEC2 Single Profile Cylinder","EACH","11","7560","0","83160","596930","10","true","false","596930","กำหนดยืนราคา 30 วัน นับจากวันที่เสนอราคา"
"SST-QT-2607-003","2026-07-17","sent","ABLOY -  งานกองบิน","CUS-2606-0102","บริษัท ไอพีเอ็ม เทคโนเวชั่น  จำกัด","0105538132411","115 ซอยพหลโยธิน 54/4 แยก 3-4 (ขานไข 2) แขวงสายไหม เขตสายไหม กรุงเทพมหานคร 10220","","","5","SN50","SN50 ","Cable Cover Surface type 50cm","Each","11","450","0","4950","596930","10","true","false","596930","กำหนดยืนราคา 30 วัน นับจากวันที่เสนอราคา"
"SST-QT-2607-003","2026-07-17","sent","ABLOY -  งานกองบิน","CUS-2606-0102","บริษัท ไอพีเอ็ม เทคโนเวชั่น  จำกัด","0105538132411","115 ซอยพหลโยธิน 54/4 แยก 3-4 (ขานไข 2) แขวงสายไหม เขตสายไหม กรุงเทพมหานคร 10220","","","6","EA288","EA288","Split spindle 47/50mm","Each","1","1170","0","1170","596930","10","true","false","596930","กำหนดยืนราคา 30 วัน นับจากวันที่เสนอราคา"
"SST-QT-2607-004","2026-07-17","sent","ABLOY - งานกองบิน Mastekey","CUS-2606-0102","บริษัท ไอพีเอ็ม เทคโนเวชั่น  จำกัด","0105538132411","115 ซอยพหลโยธิน 54/4 แยก 3-4 (ขานไข 2) แขวงสายไหม เขตสายไหม กรุงเทพมหานคร 10220","","","1","Other","Other","Masterkey Setting","EACH","11","350","0","3850","4119.5","0","true","false","4119.5","กำหนดยืนราคา 30 วัน นับจากวันที่เสนอราคา"
"SST-QT-2607-005","2026-07-17","sent","Arm - 5M","CUS-2606-0085","บริษัท ริโก้ (ประเทศไทย)  จำกัด","0105513004762","341 ถนนอ่อนนุช แขวงประเวศ เขตประเวศ กรุงเทพมหานคร 10250","","","1","BR535-001","Aluminum Streight Arm For Automatice","","EACH","1","5800","0","5800","6741","0","true","false","6741","กำหนดยืนราคา 30 วัน นับจากวันที่เสนอราคา"
"SST-QT-2607-005","2026-07-17","sent","Arm - 5M","CUS-2606-0085","บริษัท ริโก้ (ประเทศไทย)  จำกัด","0105513004762","341 ถนนอ่อนนุช แขวงประเวศ เขตประเวศ กรุงเทพมหานคร 10250","","","2","Other","Other","Transportation to Chonburi","EACH","1","500","0","500","6741","0","true","false","6741","กำหนดยืนราคา 30 วัน นับจากวันที่เสนอราคา"
"SST-QT-2608-001","2026-08-06","sent","Industies - JLK Building Nana","CUS-2607","ARIES INTERNATIONAL CO., LTD","0105545091768","193/110 อาคารเลครัชดาออฟฟิสคอมเพล็กซ์ ชั้นที่ 26 ถนนรัชดาภิเษก แขวงคลองเตย เขตคลองเตย กรุงเทพมหานคร 10110","","Taratip Jumnongnit","1","EW450L00NEB38","EW450L00NEB38","SALTO XS4 Electronic Escutcheon Ex450, 2 Handles, any type. Technology: Mifare, Bluetooth LE + HSE + Wallet.","","72","20500","0","1476000","2188792","0","true","false","2188792","- 40% deposit, remaining balance upon delivery. - The above price exclude installation and cabling - รายการที่ 6 กับ 7 เป็นราคา Tag กับ บัตร ให้ทางลูกค้าเลือกว่าจะใช้เป็นบัตรหรือ Tag  - รายการที่  6 เป็นบัตรขาวไม่มีพิมพ์ หากต้องการพิมพ์จะมีค่าพิมพ์บัตรที่ใบละ 45 บาท - Delivery time about 45 - 60 days"
"SST-QT-2608-001","2026-08-06","sent","Industies - JLK Building Nana","CUS-2607","ARIES INTERNATIONAL CO., LTD","0105545091768","193/110 อาคารเลครัชดาออฟฟิสคอมเพล็กซ์ ชั้นที่ 26 ถนนรัชดาภิเษก แขวงคลองเตย เขตคลองเตย กรุงเทพมหานคร 10110","","Taratip Jumnongnit","2","CUC1B0TUS","CUC1B0TUS","BLUEnet Door Controller Standard Unit.","","2","11000","0","22000","2188792","0","true","false","2188792","- 40% deposit, remaining balance upon delivery. - The above price exclude installation and cabling - รายการที่ 6 กับ 7 เป็นราคา Tag กับ บัตร ให้ทางลูกค้าเลือกว่าจะใช้เป็นบัตรหรือ Tag  - รายการที่  6 เป็นบัตรขาวไม่มีพิมพ์ หากต้องการพิมพ์จะมีค่าพิมพ์บัตรที่ใบละ 45 บาท - Delivery time about 45 - 60 days"
"SST-QT-2608-001","2026-08-06","sent","Industies - JLK Building Nana","CUS-2607","ARIES INTERNATIONAL CO., LTD","0105545091768","193/110 อาคารเลครัชดาออฟฟิสคอมเพล็กซ์ ชั้นที่ 26 ถนนรัชดาภิเษก แขวงคลองเตย เขตคลองเตย กรุงเทพมหานคร 10110","","Taratip Jumnongnit","3","WRDW0S4B","WRDW0S4B","SALTO wall reader MIFARE DESFire + Bluetooth LE + HSE + Wallet. For European standard. Squared or conical shape.","","2","12000","0","24000","2188792","0","true","false","2188792","- 40% deposit, remaining balance upon delivery. - The above price exclude installation and cabling - รายการที่ 6 กับ 7 เป็นราคา Tag กับ บัตร ให้ทางลูกค้าเลือกว่าจะใช้เป็นบัตรหรือ Tag  - รายการที่  6 เป็นบัตรขาวไม่มีพิมพ์ หากต้องการพิมพ์จะมีค่าพิมพ์บัตรที่ใบละ 45 บาท - Delivery time about 45 - 60 days"
"SST-QT-2608-001","2026-08-06","sent","Industies - JLK Building Nana","CUS-2607","ARIES INTERNATIONAL CO., LTD","0105545091768","193/110 อาคารเลครัชดาออฟฟิสคอมเพล็กซ์ ชั้นที่ 26 ถนนรัชดาภิเษก แขวงคลองเตย เขตคลองเตย กรุงเทพมหานคร 10110","","Taratip Jumnongnit","4","IQ21B300KS","IQ21B300KS","IQ | Hub 2.0 to connect the access points to the cloud.","","20","12000","0","240000","2188792","0","true","false","2188792","- 40% deposit, remaining balance upon delivery. - The above price exclude installation and cabling - รายการที่ 6 กับ 7 เป็นราคา Tag กับ บัตร ให้ทางลูกค้าเลือกว่าจะใช้เป็นบัตรหรือ Tag  - รายการที่  6 เป็นบัตรขาวไม่มีพิมพ์ หากต้องการพิมพ์จะมีค่าพิมพ์บัตรที่ใบละ 45 บาท - Delivery time about 45 - 60 days"
"SST-QT-2608-001","2026-08-06","sent","Industies - JLK Building Nana","CUS-2607","ARIES INTERNATIONAL CO., LTD","0105545091768","193/110 อาคารเลครัชดาออฟฟิสคอมเพล็กซ์ ชั้นที่ 26 ถนนรัชดาภิเษก แขวงคลองเตย เขตคลองเตย กรุงเทพมหานคร 10110","","Taratip Jumnongnit","5","VOUCHKS-XXL","VOUCHKS-XXL","SALTO KS Subscription - 800 User","EACH","1","43000","0","43000","2188792","0","true","false","2188792","- 40% deposit, remaining balance upon delivery. - The above price exclude installation and cabling - รายการที่ 6 กับ 7 เป็นราคา Tag กับ บัตร ให้ทางลูกค้าเลือกว่าจะใช้เป็นบัตรหรือ Tag  - รายการที่  6 เป็นบัตรขาวไม่มีพิมพ์ หากต้องการพิมพ์จะมีค่าพิมพ์บัตรที่ใบละ 45 บาท - Delivery time about 45 - 60 days"
"SST-QT-2608-001","2026-08-06","sent","Industies - JLK Building Nana","CUS-2607","ARIES INTERNATIONAL CO., LTD","0105545091768","193/110 อาคารเลครัชดาออฟฟิสคอมเพล็กซ์ ชั้นที่ 26 ถนนรัชดาภิเษก แขวงคลองเตย เขตคลองเตย กรุงเทพมหานคร 10110","","Taratip Jumnongnit","6","CCVD40500I-10","CCVD40500I-10","SALTO keycard , PVC material with NXP Mifare DESFire 4K technology and compatible with SALTO KS platform. Pack of 10 units.","","30","2500","0","75000","2188792","0","true","false","2188792","- 40% deposit, remaining balance upon delivery. - The above price exclude installation and cabling - รายการที่ 6 กับ 7 เป็นราคา Tag กับ บัตร ให้ทางลูกค้าเลือกว่าจะใช้เป็นบัตรหรือ Tag  - รายการที่  6 เป็นบัตรขาวไม่มีพิมพ์ หากต้องการพิมพ์จะมีค่าพิมพ์บัตรที่ใบละ 45 บาท - Delivery time about 45 - 60 days"
"SST-QT-2608-001","2026-08-06","sent","Industies - JLK Building Nana","CUS-2607","ARIES INTERNATIONAL CO., LTD","0105545091768","193/110 อาคารเลครัชดาออฟฟิสคอมเพล็กซ์ ชั้นที่ 26 ถนนรัชดาภิเษก แขวงคลองเตย เขตคลองเตย กรุงเทพมหานคร 10110","","Taratip Jumnongnit","7","PFD04KBKS-5","PFD04KBKS-5","SALTO KS Tags","","60","1800","0","108000","2188792","0","true","false","2188792","- 40% deposit, remaining balance upon delivery. - The above price exclude installation and cabling - รายการที่ 6 กับ 7 เป็นราคา Tag กับ บัตร ให้ทางลูกค้าเลือกว่าจะใช้เป็นบัตรหรือ Tag  - รายการที่  6 เป็นบัตรขาวไม่มีพิมพ์ หากต้องการพิมพ์จะมีค่าพิมพ์บัตรที่ใบละ 45 บาท - Delivery time about 45 - 60 days"
"SST-QT-2608-001","2026-08-06","sent","Industies - JLK Building Nana","CUS-2607","ARIES INTERNATIONAL CO., LTD","0105545091768","193/110 อาคารเลครัชดาออฟฟิสคอมเพล็กซ์ ชั้นที่ 26 ถนนรัชดาภิเษก แขวงคลองเตย เขตคลองเตย กรุงเทพมหานคร 10110","","Taratip Jumnongnit","8","AA51033085","AA51033085","ABLOY EURO NARROW MORTICE LOCK 30MM BACKSET  CTC 85MM - ENTRANCE SSS","","72","800","0","57600","2188792","0","true","false","2188792","- 40% deposit, remaining balance upon delivery. - The above price exclude installation and cabling - รายการที่ 6 กับ 7 เป็นราคา Tag กับ บัตร ให้ทางลูกค้าเลือกว่าจะใช้เป็นบัตรหรือ Tag  - รายการที่  6 เป็นบัตรขาวไม่มีพิมพ์ หากต้องการพิมพ์จะมีค่าพิมพ์บัตรที่ใบละ 45 บาท - Delivery time about 45 - 60 days"
"SST-QT-2608-002","2026-08-06","sent","Industies - JLK Building Nana","CUS-2607","ARIES INTERNATIONAL CO., LTD","0105545091768","193/110 อาคารเลครัชดาออฟฟิสคอมเพล็กซ์ ชั้นที่ 26 ถนนรัชดาภิเษก แขวงคลองเตย เขตคลองเตย กรุงเทพมหานคร 10110","","Taratip Jumnongnit","1","Other","Other","Installation Mortise Lock ไม่รวมค่าเจาะประตู","EACH","72","600","0","43200","94588","0","true","false","94588","- 40% deposit, remaining balance upon delivery. - The above price exclude cabling - รายการที่ 4 - 8 เป็นอุปกรณ์ที่ใช้สำหรับประตู Access Control ในกรณ๊ที่เป็นประตูไม้ - Delivery time about 45 - 60 days"
"SST-QT-2608-002","2026-08-06","sent","Industies - JLK Building Nana","CUS-2607","ARIES INTERNATIONAL CO., LTD","0105545091768","193/110 อาคารเลครัชดาออฟฟิสคอมเพล็กซ์ ชั้นที่ 26 ถนนรัชดาภิเษก แขวงคลองเตย เขตคลองเตย กรุงเทพมหานคร 10110","","Taratip Jumnongnit","2","Other","Other","Installation IQ","EACH","20","200","0","4000","94588","0","true","false","94588","- 40% deposit, remaining balance upon delivery. - The above price exclude cabling - รายการที่ 4 - 8 เป็นอุปกรณ์ที่ใช้สำหรับประตู Access Control ในกรณ๊ที่เป็นประตูไม้ - Delivery time about 45 - 60 days"
"SST-QT-2608-002","2026-08-06","sent","Industies - JLK Building Nana","CUS-2607","ARIES INTERNATIONAL CO., LTD","0105545091768","193/110 อาคารเลครัชดาออฟฟิสคอมเพล็กซ์ ชั้นที่ 26 ถนนรัชดาภิเษก แขวงคลองเตย เขตคลองเตย กรุงเทพมหานคร 10110","","Taratip Jumnongnit","3","Other","Other","Installation Access Control Main Entrance","EACH","2","10000","0","20000","94588","0","true","false","94588","- 40% deposit, remaining balance upon delivery. - The above price exclude cabling - รายการที่ 4 - 8 เป็นอุปกรณ์ที่ใช้สำหรับประตู Access Control ในกรณ๊ที่เป็นประตูไม้ - Delivery time about 45 - 60 days"
"SST-QT-2608-002","2026-08-06","sent","Industies - JLK Building Nana","CUS-2607","ARIES INTERNATIONAL CO., LTD","0105545091768","193/110 อาคารเลครัชดาออฟฟิสคอมเพล็กซ์ ชั้นที่ 26 ถนนรัชดาภิเษก แขวงคลองเตย เขตคลองเตย กรุงเทพมหานคร 10110","","Taratip Jumnongnit","4","EML","Magnetic lock 600 lbs with Led","Magnetic Lock with LZ Bracket for Wooden Door","EACH","4","2500","0","10000","94588","0","true","false","94588","- 40% deposit, remaining balance upon delivery. - The above price exclude cabling - รายการที่ 4 - 8 เป็นอุปกรณ์ที่ใช้สำหรับประตู Access Control ในกรณ๊ที่เป็นประตูไม้ - Delivery time about 45 - 60 days"
"SST-QT-2608-002","2026-08-06","sent","Industies - JLK Building Nana","CUS-2607","ARIES INTERNATIONAL CO., LTD","0105545091768","193/110 อาคารเลครัชดาออฟฟิสคอมเพล็กซ์ ชั้นที่ 26 ถนนรัชดาภิเษก แขวงคลองเตย เขตคลองเตย กรุงเทพมหานคร 10110","","Taratip Jumnongnit","5","TUPB","Touchless Exit Button","Touchless Exit Button","CARD","2","1000","0","2000","94588","0","true","false","94588","- 40% deposit, remaining balance upon delivery. - The above price exclude cabling - รายการที่ 4 - 8 เป็นอุปกรณ์ที่ใช้สำหรับประตู Access Control ในกรณ๊ที่เป็นประตูไม้ - Delivery time about 45 - 60 days"
"SST-QT-2608-002","2026-08-06","sent","Industies - JLK Building Nana","CUS-2607","ARIES INTERNATIONAL CO., LTD","0105545091768","193/110 อาคารเลครัชดาออฟฟิสคอมเพล็กซ์ ชั้นที่ 26 ถนนรัชดาภิเษก แขวงคลองเตย เขตคลองเตย กรุงเทพมหานคร 10110","","Taratip Jumnongnit","6","EBG","Emergency Break Glass","Emergency Break Glass","EACH","2","1000","0","2000","94588","0","true","false","94588","- 40% deposit, remaining balance upon delivery. - The above price exclude cabling - รายการที่ 4 - 8 เป็นอุปกรณ์ที่ใช้สำหรับประตู Access Control ในกรณ๊ที่เป็นประตูไม้ - Delivery time about 45 - 60 days"
"SST-QT-2608-002","2026-08-06","sent","Industies - JLK Building Nana","CUS-2607","ARIES INTERNATIONAL CO., LTD","0105545091768","193/110 อาคารเลครัชดาออฟฟิสคอมเพล็กซ์ ชั้นที่ 26 ถนนรัชดาภิเษก แขวงคลองเตย เขตคลองเตย กรุงเทพมหานคร 10110","","Taratip Jumnongnit","7","RFDTCT","Door Contact","Door Sensor","EACH","4","300","0","1200","94588","0","true","false","94588","- 40% deposit, remaining balance upon delivery. - The above price exclude cabling - รายการที่ 4 - 8 เป็นอุปกรณ์ที่ใช้สำหรับประตู Access Control ในกรณ๊ที่เป็นประตูไม้ - Delivery time about 45 - 60 days"
"SST-QT-2608-002","2026-08-06","sent","Industies - JLK Building Nana","CUS-2607","ARIES INTERNATIONAL CO., LTD","0105545091768","193/110 อาคารเลครัชดาออฟฟิสคอมเพล็กซ์ ชั้นที่ 26 ถนนรัชดาภิเษก แขวงคลองเตย เขตคลองเตย กรุงเทพมหานคร 10110","","Taratip Jumnongnit","8","PWS12WB","POWER SUPPLY 12VDC WITH BATTERY","Power Supply with Battery  12VDC 3A","EACH","2","3000","0","6000","94588","0","true","false","94588","- 40% deposit, remaining balance upon delivery. - The above price exclude cabling - รายการที่ 4 - 8 เป็นอุปกรณ์ที่ใช้สำหรับประตู Access Control ในกรณ๊ที่เป็นประตูไม้ - Delivery time about 45 - 60 days"
"SST-QT-2608-003","2026-08-10","sent","Subscription - Industies Park Silom","CUS-2606-0043","The Great Room PS Ltd","0105565156989","No. 1 Park Silom Tower, 29th-30th Floor, Unit 2901 and 3001, Convent Rd., Silom, Bangrak, Bangkok 10500","","","1","VOUCHKS-XXL","VOUCHKS-XXL","SALTO KS Subscription - 800 User","EACH","1","37500","1500","36000","38520","0","true","false","38520","กำหนดยืนราคา 30 วัน นับจากวันที่เสนอราคา"
"SST-QT-2608-004","2026-08-10","rejected","Marrakesh Hua Hin Resort & Spa - Option 1 ","CUS-2608","เมเจอร์ ดีเวลลอปเม้นท์ โอเทลส์ แอนด์ รีสอร์ทส์ จำกัด","","63/411 ซอยหมู่บ้านหนองแก ต.หนองแก อ.หัวหิน จ.ประจวบคึรีขันท์ 77110","","คุณพงษ์","1","EW658L62IMB48","EW658L62IMB48","SALTO XS4 Original + Wide Body Escutcheon include thumbturn with micro switch, Mifare + Bluetooth + HSE + Wallet, Satin stainless teel","Each","76","16300","0","1238800","1563056","0","true","false","1563056","กำหนดยืนราคา 30 วัน นับจากวันที่เสนอราคา Item 1 รับประกัน 2 ปี Item 2 - 4 รับประกัน 1 ปี Item 5 - 6  รับประกัน 6 เดือน) งานบริการ รับประกัน 1 ปี บริการ On call หรือ Remote Service ฟรี 5 ปี SPABASIC อัพเดทฟรี 5 ปี ในกรณีต้องมีการเก็บงานประตู ราคาค่าติดตั้งไม่รวมงานทำสีประตู ใช้ตัว Mortice เดิมของโครงการ"
"SST-QT-2608-004","2026-08-10","rejected","Marrakesh Hua Hin Resort & Spa - Option 1 ","CUS-2608","เมเจอร์ ดีเวลลอปเม้นท์ โอเทลส์ แอนด์ รีสอร์ทส์ จำกัด","","63/411 ซอยหมู่บ้านหนองแก ต.หนองแก อ.หัวหิน จ.ประจวบคึรีขันท์ 77110","","คุณพงษ์","2","PPD800","SALTO Portable Programming Device","","EACH","1","19500","0","19500","1563056","0","true","false","1563056","กำหนดยืนราคา 30 วัน นับจากวันที่เสนอราคา Item 1 รับประกัน 2 ปี Item 2 - 4 รับประกัน 1 ปี Item 5 - 6  รับประกัน 6 เดือน) งานบริการ รับประกัน 1 ปี บริการ On call หรือ Remote Service ฟรี 5 ปี SPABASIC อัพเดทฟรี 5 ปี ในกรณีต้องมีการเก็บงานประตู ราคาค่าติดตั้งไม่รวมงานทำสีประตู ใช้ตัว Mortice เดิมของโครงการ"
"SST-QT-2608-004","2026-08-10","rejected","Marrakesh Hua Hin Resort & Spa - Option 1 ","CUS-2608","เมเจอร์ ดีเวลลอปเม้นท์ โอเทลส์ แอนด์ รีสอร์ทส์ จำกัด","","63/411 ซอยหมู่บ้านหนองแก ต.หนองแก อ.หัวหิน จ.ประจวบคึรีขันท์ 77110","","คุณพงษ์","3","ECB04B0EU","Salto Encoder Ethernet, USB","","EACH","2","32500","0","65000","1563056","0","true","false","1563056","กำหนดยืนราคา 30 วัน นับจากวันที่เสนอราคา Item 1 รับประกัน 2 ปี Item 2 - 4 รับประกัน 1 ปี Item 5 - 6  รับประกัน 6 เดือน) งานบริการ รับประกัน 1 ปี บริการ On call หรือ Remote Service ฟรี 5 ปี SPABASIC อัพเดทฟรี 5 ปี ในกรณีต้องมีการเก็บงานประตู ราคาค่าติดตั้งไม่รวมงานทำสีประตู ใช้ตัว Mortice เดิมของโครงการ"
"SST-QT-2608-004","2026-08-10","rejected","Marrakesh Hua Hin Resort & Spa - Option 1 ","CUS-2608","เมเจอร์ ดีเวลลอปเม้นท์ โอเทลส์ แอนด์ รีสอร์ทส์ จำกัด","","63/411 ซอยหมู่บ้านหนองแก ต.หนองแก อ.หัวหิน จ.ประจวบคึรีขันท์ 77110","","คุณพงษ์","4","SPABASIC","SPABASIC","SALTO SPACE Basic","Each","1","28000","0","28000","1563056","0","true","false","1563056","กำหนดยืนราคา 30 วัน นับจากวันที่เสนอราคา Item 1 รับประกัน 2 ปี Item 2 - 4 รับประกัน 1 ปี Item 5 - 6  รับประกัน 6 เดือน) งานบริการ รับประกัน 1 ปี บริการ On call หรือ Remote Service ฟรี 5 ปี SPABASIC อัพเดทฟรี 5 ปี ในกรณีต้องมีการเก็บงานประตู ราคาค่าติดตั้งไม่รวมงานทำสีประตู ใช้ตัว Mortice เดิมของโครงการ"
"SST-QT-2608-004","2026-08-10","rejected","Marrakesh Hua Hin Resort & Spa - Option 1 ","CUS-2608","เมเจอร์ ดีเวลลอปเม้นท์ โอเทลส์ แอนด์ รีสอร์ทส์ จำกัด","","63/411 ซอยหมู่บ้านหนองแก ต.หนองแก อ.หัวหิน จ.ประจวบคึรีขันท์ 77110","","คุณพงษ์","5","CCVD40700-50","CCVD40700-50","SALTO Card 4K - 50 (Staff Card)","Each","2","5500","0","11000","1563056","0","true","false","1563056","กำหนดยืนราคา 30 วัน นับจากวันที่เสนอราคา Item 1 รับประกัน 2 ปี Item 2 - 4 รับประกัน 1 ปี Item 5 - 6  รับประกัน 6 เดือน) งานบริการ รับประกัน 1 ปี บริการ On call หรือ Remote Service ฟรี 5 ปี SPABASIC อัพเดทฟรี 5 ปี ในกรณีต้องมีการเก็บงานประตู ราคาค่าติดตั้งไม่รวมงานทำสีประตู ใช้ตัว Mortice เดิมของโครงการ"
"SST-QT-2608-004","2026-08-10","rejected","Marrakesh Hua Hin Resort & Spa - Option 1 ","CUS-2608","เมเจอร์ ดีเวลลอปเม้นท์ โอเทลส์ แอนด์ รีสอร์ทส์ จำกัด","","63/411 ซอยหมู่บ้านหนองแก ต.หนองแก อ.หัวหิน จ.ประจวบคึรีขันท์ 77110","","คุณพงษ์","6","PCMULCB","Proximity Card Ultralight C Blank","Guest Card with Preprint ","CARD","500","45","0","22500","1563056","0","true","false","1563056","กำหนดยืนราคา 30 วัน นับจากวันที่เสนอราคา Item 1 รับประกัน 2 ปี Item 2 - 4 รับประกัน 1 ปี Item 5 - 6  รับประกัน 6 เดือน) งานบริการ รับประกัน 1 ปี บริการ On call หรือ Remote Service ฟรี 5 ปี SPABASIC อัพเดทฟรี 5 ปี ในกรณีต้องมีการเก็บงานประตู ราคาค่าติดตั้งไม่รวมงานทำสีประตู ใช้ตัว Mortice เดิมของโครงการ"
"SST-QT-2608-004","2026-08-10","rejected","Marrakesh Hua Hin Resort & Spa - Option 1 ","CUS-2608","เมเจอร์ ดีเวลลอปเม้นท์ โอเทลส์ แอนด์ รีสอร์ทส์ จำกัด","","63/411 ซอยหมู่บ้านหนองแก ต.หนองแก อ.หัวหิน จ.ประจวบคึรีขันท์ 77110","","คุณพงษ์","7","Other","Other","Stainless Cover Plate (นอกและใน)","EACH","76","500","0","38000","1563056","0","true","false","1563056","กำหนดยืนราคา 30 วัน นับจากวันที่เสนอราคา Item 1 รับประกัน 2 ปี Item 2 - 4 รับประกัน 1 ปี Item 5 - 6  รับประกัน 6 เดือน) งานบริการ รับประกัน 1 ปี บริการ On call หรือ Remote Service ฟรี 5 ปี SPABASIC อัพเดทฟรี 5 ปี ในกรณีต้องมีการเก็บงานประตู ราคาค่าติดตั้งไม่รวมงานทำสีประตู ใช้ตัว Mortice เดิมของโครงการ"
"SST-QT-2608-004","2026-08-10","rejected","Marrakesh Hua Hin Resort & Spa - Option 1 ","CUS-2608","เมเจอร์ ดีเวลลอปเม้นท์ โอเทลส์ แอนด์ รีสอร์ทส์ จำกัด","","63/411 ซอยหมู่บ้านหนองแก ต.หนองแก อ.หัวหิน จ.ประจวบคึรีขันท์ 77110","","คุณพงษ์","8","Other","Other","ค่าติดตั้ง (กรณีติดตั้งพร้อมกันทั้ง 76 ห้อง)","EACH","76","500","0","38000","1563056","0","true","false","1563056","กำหนดยืนราคา 30 วัน นับจากวันที่เสนอราคา Item 1 รับประกัน 2 ปี Item 2 - 4 รับประกัน 1 ปี Item 5 - 6  รับประกัน 6 เดือน) งานบริการ รับประกัน 1 ปี บริการ On call หรือ Remote Service ฟรี 5 ปี SPABASIC อัพเดทฟรี 5 ปี ในกรณีต้องมีการเก็บงานประตู ราคาค่าติดตั้งไม่รวมงานทำสีประตู ใช้ตัว Mortice เดิมของโครงการ"
"SST-QT-2608-005","2026-08-10","rejected","Marrakesh Hua Hin Resort & Spa - Option 1 ","CUS-2608","เมเจอร์ ดีเวลลอปเม้นท์ โอเทลส์ แอนด์ รีสอร์ทส์ จำกัด","","63/411 ซอยหมู่บ้านหนองแก ต.หนองแก อ.หัวหิน จ.ประจวบคึรีขันท์ 77110","","คุณพงษ์","1","AW658L62IMB48","AW658L62IMB48","SALTO XS4+ ANSI Mifare + Bluetooth LE + HSE +Wallet, L Handle, 62mm, 45-60mm, Satin Stainless steel","Each","76","16300","0","1238800","1890690","0","true","false","1890690","กำหนดยืนราคา 30 วัน นับจากวันที่เสนอราคา Item 1 - 2รับประกัน 2 ปี Item 3 - 4 รับประกัน 1 ปี Item 6 - 7  รับประกัน 6 เดือน งานบริการ รับประกัน 1 ปี บริการ On call หรือ Remote Service ฟรี 5 ปี SPABASIC อัพเดทฟรี 5 ปี ในกรณีต้องมีการเก็บงานประตู ราคาค่าติดตั้งไม่รวมงานทำสีประตู "
"SST-QT-2608-005","2026-08-10","rejected","Marrakesh Hua Hin Resort & Spa - Option 1 ","CUS-2608","เมเจอร์ ดีเวลลอปเม้นท์ โอเทลส์ แอนด์ รีสอร์ทส์ จำกัด","","63/411 ซอยหมู่บ้านหนองแก ต.หนองแก อ.หัวหิน จ.ประจวบคึรีขันท์ 77110","","คุณพงษ์","2","LA1T1570A201","SALTO ANSI mortise lock with latch and c","","EACH","76","4000","0","304000","1890690","0","true","false","1890690","กำหนดยืนราคา 30 วัน นับจากวันที่เสนอราคา Item 1 - 2รับประกัน 2 ปี Item 3 - 4 รับประกัน 1 ปี Item 6 - 7  รับประกัน 6 เดือน งานบริการ รับประกัน 1 ปี บริการ On call หรือ Remote Service ฟรี 5 ปี SPABASIC อัพเดทฟรี 5 ปี ในกรณีต้องมีการเก็บงานประตู ราคาค่าติดตั้งไม่รวมงานทำสีประตู "
"SST-QT-2608-005","2026-08-10","rejected","Marrakesh Hua Hin Resort & Spa - Option 1 ","CUS-2608","เมเจอร์ ดีเวลลอปเม้นท์ โอเทลส์ แอนด์ รีสอร์ทส์ จำกัด","","63/411 ซอยหมู่บ้านหนองแก ต.หนองแก อ.หัวหิน จ.ประจวบคึรีขันท์ 77110","","คุณพงษ์","3","PPD800","SALTO Portable Programming Device","","EACH","2","19500","0","39000","1890690","0","true","false","1890690","กำหนดยืนราคา 30 วัน นับจากวันที่เสนอราคา Item 1 - 2รับประกัน 2 ปี Item 3 - 4 รับประกัน 1 ปี Item 6 - 7  รับประกัน 6 เดือน งานบริการ รับประกัน 1 ปี บริการ On call หรือ Remote Service ฟรี 5 ปี SPABASIC อัพเดทฟรี 5 ปี ในกรณีต้องมีการเก็บงานประตู ราคาค่าติดตั้งไม่รวมงานทำสีประตู "
"SST-QT-2608-005","2026-08-10","rejected","Marrakesh Hua Hin Resort & Spa - Option 1 ","CUS-2608","เมเจอร์ ดีเวลลอปเม้นท์ โอเทลส์ แอนด์ รีสอร์ทส์ จำกัด","","63/411 ซอยหมู่บ้านหนองแก ต.หนองแก อ.หัวหิน จ.ประจวบคึรีขันท์ 77110","","คุณพงษ์","4","ECB04B0EU","Salto Encoder Ethernet, USB","","EACH","1","32500","0","32500","1890690","0","true","false","1890690","กำหนดยืนราคา 30 วัน นับจากวันที่เสนอราคา Item 1 - 2รับประกัน 2 ปี Item 3 - 4 รับประกัน 1 ปี Item 6 - 7  รับประกัน 6 เดือน งานบริการ รับประกัน 1 ปี บริการ On call หรือ Remote Service ฟรี 5 ปี SPABASIC อัพเดทฟรี 5 ปี ในกรณีต้องมีการเก็บงานประตู ราคาค่าติดตั้งไม่รวมงานทำสีประตู "
"SST-QT-2608-005","2026-08-10","rejected","Marrakesh Hua Hin Resort & Spa - Option 1 ","CUS-2608","เมเจอร์ ดีเวลลอปเม้นท์ โอเทลส์ แอนด์ รีสอร์ทส์ จำกัด","","63/411 ซอยหมู่บ้านหนองแก ต.หนองแก อ.หัวหิน จ.ประจวบคึรีขันท์ 77110","","คุณพงษ์","5","SPABASIC","SPABASIC","SALTO SPACE Basic","Each","1","28000","0","28000","1890690","0","true","false","1890690","กำหนดยืนราคา 30 วัน นับจากวันที่เสนอราคา Item 1 - 2รับประกัน 2 ปี Item 3 - 4 รับประกัน 1 ปี Item 6 - 7  รับประกัน 6 เดือน งานบริการ รับประกัน 1 ปี บริการ On call หรือ Remote Service ฟรี 5 ปี SPABASIC อัพเดทฟรี 5 ปี ในกรณีต้องมีการเก็บงานประตู ราคาค่าติดตั้งไม่รวมงานทำสีประตู "
"SST-QT-2608-005","2026-08-10","rejected","Marrakesh Hua Hin Resort & Spa - Option 1 ","CUS-2608","เมเจอร์ ดีเวลลอปเม้นท์ โอเทลส์ แอนด์ รีสอร์ทส์ จำกัด","","63/411 ซอยหมู่บ้านหนองแก ต.หนองแก อ.หัวหิน จ.ประจวบคึรีขันท์ 77110","","คุณพงษ์","6","CCVD40700-50","CCVD40700-50","SALTO Card 4K - 50 (Staff Card)","Each","2","5500","0","11000","1890690","0","true","false","1890690","กำหนดยืนราคา 30 วัน นับจากวันที่เสนอราคา Item 1 - 2รับประกัน 2 ปี Item 3 - 4 รับประกัน 1 ปี Item 6 - 7  รับประกัน 6 เดือน งานบริการ รับประกัน 1 ปี บริการ On call หรือ Remote Service ฟรี 5 ปี SPABASIC อัพเดทฟรี 5 ปี ในกรณีต้องมีการเก็บงานประตู ราคาค่าติดตั้งไม่รวมงานทำสีประตู "
"SST-QT-2608-005","2026-08-10","rejected","Marrakesh Hua Hin Resort & Spa - Option 1 ","CUS-2608","เมเจอร์ ดีเวลลอปเม้นท์ โอเทลส์ แอนด์ รีสอร์ทส์ จำกัด","","63/411 ซอยหมู่บ้านหนองแก ต.หนองแก อ.หัวหิน จ.ประจวบคึรีขันท์ 77110","","คุณพงษ์","7","PCMULCB","Proximity Card Ultralight C Blank","Guest Card with Preprint","CARD","500","45","0","22500","1890690","0","true","false","1890690","กำหนดยืนราคา 30 วัน นับจากวันที่เสนอราคา Item 1 - 2รับประกัน 2 ปี Item 3 - 4 รับประกัน 1 ปี Item 6 - 7  รับประกัน 6 เดือน งานบริการ รับประกัน 1 ปี บริการ On call หรือ Remote Service ฟรี 5 ปี SPABASIC อัพเดทฟรี 5 ปี ในกรณีต้องมีการเก็บงานประตู ราคาค่าติดตั้งไม่รวมงานทำสีประตู "
"SST-QT-2608-005","2026-08-10","rejected","Marrakesh Hua Hin Resort & Spa - Option 1 ","CUS-2608","เมเจอร์ ดีเวลลอปเม้นท์ โอเทลส์ แอนด์ รีสอร์ทส์ จำกัด","","63/411 ซอยหมู่บ้านหนองแก ต.หนองแก อ.หัวหิน จ.ประจวบคึรีขันท์ 77110","","คุณพงษ์","8","Other","Other","Stainless Steel Cover Plate (นอกและใน)","EACH","76","500","0","38000","1890690","0","true","false","1890690","กำหนดยืนราคา 30 วัน นับจากวันที่เสนอราคา Item 1 - 2รับประกัน 2 ปี Item 3 - 4 รับประกัน 1 ปี Item 6 - 7  รับประกัน 6 เดือน งานบริการ รับประกัน 1 ปี บริการ On call หรือ Remote Service ฟรี 5 ปี SPABASIC อัพเดทฟรี 5 ปี ในกรณีต้องมีการเก็บงานประตู ราคาค่าติดตั้งไม่รวมงานทำสีประตู "
"SST-QT-2608-005","2026-08-10","rejected","Marrakesh Hua Hin Resort & Spa - Option 1 ","CUS-2608","เมเจอร์ ดีเวลลอปเม้นท์ โอเทลส์ แอนด์ รีสอร์ทส์ จำกัด","","63/411 ซอยหมู่บ้านหนองแก ต.หนองแก อ.หัวหิน จ.ประจวบคึรีขันท์ 77110","","คุณพงษ์","9","Other","Other","ค่าติดตั้ง (กรณีติดตั้งพร้อมกันทั้ง 76 ห้อง)","EACH","76","700","0","53200","1890690","0","true","false","1890690","กำหนดยืนราคา 30 วัน นับจากวันที่เสนอราคา Item 1 - 2รับประกัน 2 ปี Item 3 - 4 รับประกัน 1 ปี Item 6 - 7  รับประกัน 6 เดือน งานบริการ รับประกัน 1 ปี บริการ On call หรือ Remote Service ฟรี 5 ปี SPABASIC อัพเดทฟรี 5 ปี ในกรณีต้องมีการเก็บงานประตู ราคาค่าติดตั้งไม่รวมงานทำสีประตู "
"SST-QT-2609-001","2026-09-04","revised","ติดตั้งอุประกรณ์ประตูทางออกชั้น 28","CUS-2606-0093","บริษัท อัศวอินทรา จำกัด","0105509002122","11/2 ซอยสุขุมวิท23 ถนนสุขุมวิท แขวงคลองเตยเหนือ เขตวัฒนา กรุงเทพมหานคร 10110","","","1","EML","Magnetic lock 600 lbs with Led","","EACH","1","3500","0","3500","13268","0","true","false","13268","กำหนดยืนราคา 30 วัน นับจากวันที่เสนอราคา"
"SST-QT-2609-001","2026-09-04","revised","ติดตั้งอุประกรณ์ประตูทางออกชั้น 28","CUS-2606-0093","บริษัท อัศวอินทรา จำกัด","0105509002122","11/2 ซอยสุขุมวิท23 ถนนสุขุมวิท แขวงคลองเตยเหนือ เขตวัฒนา กรุงเทพมหานคร 10110","","","2","EBG","Emergency Break Glass","","EACH","1","1100","0","1100","13268","0","true","false","13268","กำหนดยืนราคา 30 วัน นับจากวันที่เสนอราคา"
"SST-QT-2609-001","2026-09-04","revised","ติดตั้งอุประกรณ์ประตูทางออกชั้น 28","CUS-2606-0093","บริษัท อัศวอินทรา จำกัด","0105509002122","11/2 ซอยสุขุมวิท23 ถนนสุขุมวิท แขวงคลองเตยเหนือ เขตวัฒนา กรุงเทพมหานคร 10110","","","3","PWS","Power Supply 12VDC 3A","","Unit","1","2500","0","2500","13268","0","true","false","13268","กำหนดยืนราคา 30 วัน นับจากวันที่เสนอราคา"
"SST-QT-2609-001","2026-09-04","revised","ติดตั้งอุประกรณ์ประตูทางออกชั้น 28","CUS-2606-0093","บริษัท อัศวอินทรา จำกัด","0105509002122","11/2 ซอยสุขุมวิท23 ถนนสุขุมวิท แขวงคลองเตยเหนือ เขตวัฒนา กรุงเทพมหานคร 10110","","","4","PB-NoTouch","Exit","","EACH","1","800","0","800","13268","0","true","false","13268","กำหนดยืนราคา 30 วัน นับจากวันที่เสนอราคา"
"SST-QT-2609-001","2026-09-04","revised","ติดตั้งอุประกรณ์ประตูทางออกชั้น 28","CUS-2606-0093","บริษัท อัศวอินทรา จำกัด","0105509002122","11/2 ซอยสุขุมวิท23 ถนนสุขุมวิท แขวงคลองเตยเหนือ เขตวัฒนา กรุงเทพมหานคร 10110","","","5","Other","Other","Installation","EACH","1","4500","0","4500","13268","0","true","false","13268","กำหนดยืนราคา 30 วัน นับจากวันที่เสนอราคา"
"SST-QT-2609-002","2026-09-04","sent","Subscription RTAF - TH0101057669","CUS-2606-0102","บริษัท ไอพีเอ็ม เทคโนเวชั่น  จำกัด","0105538132411","115 ซอยพหลโยธิน 54/4 แยก 3-4 (ขานไข 2) แขวงสายไหม เขตสายไหม กรุงเทพมหานคร 10220","","","1","VOUCHKS-S","SALTO KS SMALL","","EACH","1","8000","0","8000","8560","0","true","false","8560","กำหนดยืนราคา 30 วัน นับจากวันที่เสนอราคา"
"SST-QT-2609-003","2026-09-07","sent","Incident #INC0770768 - Room 4817","CUS-2606-0034","Spaces Chamchuri Square","","","","","1","EM450000IMB3","SALTO XS4+ Escutcheon, EURO, U Hand","Incident #INC0770768 - Room 4817 - Lock is online but Handle can not operate ","EACH","1","10500","0","10500","12840","0","true","false","12840","กำหนดยืนราคา 30 วัน นับจากวันที่เสนอราคา"
"SST-QT-2609-003","2026-09-07","sent","Incident #INC0770768 - Room 4817","CUS-2606-0034","Spaces Chamchuri Square","","","","","2","Other","Other","Service Fee","EACH","1","1500","0","1500","12840","0","true","false","12840","กำหนดยืนราคา 30 วัน นับจากวันที่เสนอราคา"
"SST-QT-2609-004","2026-09-07","sent","INC0770687 - IQ problem need to replace","CUS-2606-0036","SPACES Phahon 19","","","","","1","IQ22W300CLP","SALTO IQ 2.0 POE","INC0770687 - IQ problem need to replace","EACH","1","5200","0","5200","7169","0","true","false","7169","กำหนดยืนราคา 30 วัน นับจากวันที่เสนอราคา"
"SST-QT-2609-004","2026-09-07","sent","INC0770687 - IQ problem need to replace","CUS-2606-0036","SPACES Phahon 19","","","","","2","Other","Other","Service Fee","EACH","1","1500","0","1500","7169","0","true","false","7169","กำหนดยืนราคา 30 วัน นับจากวันที่เสนอราคา"
"SST-QT-2609-001-Rev.01","2026-09-07","approved","ติดตั้งอุประกรณ์ประตูทางออกชั้น 28","CUS-2606-0093","บริษัท อัศวอินทรา จำกัด","0105509002122","11/2 ซอยสุขุมวิท23 ถนนสุขุมวิท แขวงคลองเตยเหนือ เขตวัฒนา กรุงเทพมหานคร 10110","","","1","EBG","Emergency Break Glass","","EACH","1","1100","0","1100","9523","0","true","false","9523","กำหนดยืนราคา 30 วัน นับจากวันที่เสนอราคา"
"SST-QT-2609-001-Rev.01","2026-09-07","approved","ติดตั้งอุประกรณ์ประตูทางออกชั้น 28","CUS-2606-0093","บริษัท อัศวอินทรา จำกัด","0105509002122","11/2 ซอยสุขุมวิท23 ถนนสุขุมวิท แขวงคลองเตยเหนือ เขตวัฒนา กรุงเทพมหานคร 10110","","","2","PWS","Power Supply 12VDC 3A","","Unit","1","2500","0","2500","9523","0","true","false","9523","กำหนดยืนราคา 30 วัน นับจากวันที่เสนอราคา"
"SST-QT-2609-001-Rev.01","2026-09-07","approved","ติดตั้งอุประกรณ์ประตูทางออกชั้น 28","CUS-2606-0093","บริษัท อัศวอินทรา จำกัด","0105509002122","11/2 ซอยสุขุมวิท23 ถนนสุขุมวิท แขวงคลองเตยเหนือ เขตวัฒนา กรุงเทพมหานคร 10110","","","3","PB-NoTouch","Exit","","EACH","1","800","0","800","9523","0","true","false","9523","กำหนดยืนราคา 30 วัน นับจากวันที่เสนอราคา"
"SST-QT-2609-001-Rev.01","2026-09-07","approved","ติดตั้งอุประกรณ์ประตูทางออกชั้น 28","CUS-2606-0093","บริษัท อัศวอินทรา จำกัด","0105509002122","11/2 ซอยสุขุมวิท23 ถนนสุขุมวิท แขวงคลองเตยเหนือ เขตวัฒนา กรุงเทพมหานคร 10110","","","4","Other","Other","Installation","EACH","1","4500","0","4500","9523","0","true","false","9523","กำหนดยืนราคา 30 วัน นับจากวันที่เสนอราคา"
"SST-QT-2609-005","2026-09-09","sent","Data Center - CHN1A","CUS-2609","บริษัท เอ็นซิส จำกัด","","","","คุณโจ๊ก","1","12-53-63-8813 F ETJ RHR 26D 32D 36","12-53-63-8813 F ETJ RHR 26D 32D 36","SARGENT 8800 SERIES RIM EXIT DEVICE UL LATCHBOLT MONITOR SWITCH 32D 36 INCHES LFIC MASTER KEY ETJ TRIM RHR 26D","","2","130000","0","260000","339190","0","true","false","339190","กำหนดยืนราคา 30 วัน นับจากวันที่เสนอราคา ระยะเวลาส่งสินค้า 60 - 90 วัน มัดจำ 50% ส่วนที่เหลือวันส่งสินค้า"
"SST-QT-2609-005","2026-09-09","sent","Data Center - CHN1A","CUS-2609","บริษัท เอ็นซิส จำกัด","","","","คุณโจ๊ก","2","cept-c5e","CEPT-C5E","Electrical Power Transfer - US32D, Concealed, CAT=5E","","2","18500","0","37000","339190","0","true","false","339190","กำหนดยืนราคา 30 วัน นับจากวันที่เสนอราคา ระยะเวลาส่งสินค้า 60 - 90 วัน มัดจำ 50% ส่วนที่เหลือวันส่งสินค้า"
"SST-QT-2609-005","2026-09-09","sent","Data Center - CHN1A","CUS-2609","บริษัท เอ็นซิส จำกัด","","","","คุณโจ๊ก","3","Other","Other","","EACH","2","10000","0","20000","339190","0","true","false","339190","กำหนดยืนราคา 30 วัน นับจากวันที่เสนอราคา ระยะเวลาส่งสินค้า 60 - 90 วัน มัดจำ 50% ส่วนที่เหลือวันส่งสินค้า"
"SST-QT-2609-006","2026-09-11","sent","Data Center - CHN2A","CUS-2609","บริษัท เอ็นซิส จำกัด","","","","คุณโจ๊ก","1","12-53-63-8813 F ETJ RHR 26D 32D 36","12-53-63-8813 F ETJ RHR 26D 32D 36","SARGENT 8800 SERIES RIM EXIT DEVICE UL LATCHBOLT MONITOR SWITCH 32D 36 INCHES LFIC MASTER KEY ETJ TRIM RHR 26D","","2","130000","0","260000","339190","0","true","false","339190","กำหนดยืนราคา 30 วัน นับจากวันที่เสนอราคา ระยะเวลาส่งสินค้า 60 - 90 วัน มัดจำ 50% ส่วนที่เหลือวันส่งสินค้า"
"SST-QT-2609-006","2026-09-11","sent","Data Center - CHN2A","CUS-2609","บริษัท เอ็นซิส จำกัด","","","","คุณโจ๊ก","2","cept-c5e","CEPT-C5E","Electrical Power Transfer - US32D, Concealed, CAT=5E","","2","18500","0","37000","339190","0","true","false","339190","กำหนดยืนราคา 30 วัน นับจากวันที่เสนอราคา ระยะเวลาส่งสินค้า 60 - 90 วัน มัดจำ 50% ส่วนที่เหลือวันส่งสินค้า"
"SST-QT-2609-006","2026-09-11","sent","Data Center - CHN2A","CUS-2609","บริษัท เอ็นซิส จำกัด","","","","คุณโจ๊ก","3","Other","Other","","EACH","2","10000","0","20000","339190","0","true","false","339190","กำหนดยืนราคา 30 วัน นับจากวันที่เสนอราคา ระยะเวลาส่งสินค้า 60 - 90 วัน มัดจำ 50% ส่วนที่เหลือวันส่งสินค้า"
"SST-QT-2609-007","2026-09-14","sent","","CUS-2610","วิชิต พิมเสน","","","0922233625","วิชิต พิมเสน","1","SD-EML-DOU600LZ","SD-EML-DOU600LZ","Magnetic Lock 600Lbs  Double with LZ","Each","2","3300","0","6600","10432.5","0","true","false","10432.5","กำหนดยืนราคา 30 วัน นับจากวันที่เสนอราคา"
"SST-QT-2609-007","2026-09-14","sent","","CUS-2610","วิชิต พิมเสน","","","0922233625","วิชิต พิมเสน","2","SD-EML600LZ","SD-EML600LZ","Magnetic Lock 600LBS with LZ","","2","1500","0","3000","10432.5","0","true","false","10432.5","กำหนดยืนราคา 30 วัน นับจากวันที่เสนอราคา"
"SST-QT-2609-007","2026-09-14","sent","","CUS-2610","วิชิต พิมเสน","","","0922233625","วิชิต พิมเสน","3","Other","Other","Transportation","EACH","1","150","0","150","10432.5","0","true","false","10432.5","กำหนดยืนราคา 30 วัน นับจากวันที่เสนอราคา"
"SST-QT-2609-009","2026-09-15","sent","Replace Cylinder D29.06","CUS-2606-0043","The Great Room PS Ltd","0105565156989","No. 1 Park Silom Tower, 29th-30th Floor, Unit 2901 and 3001, Convent Rd., Silom, Bangrak, Bangkok 10500","","","1","NME2140S40N","Neo Cylinder Euro","","EACH","1","18500","0","18500","19795","0","true","false","19795","กำหนดยืนราคา 30 วัน นับจากวันที่เสนอราคา"
"SST-QT-2609-010","2026-09-21","sent","Data Center - CHN1A","CUS-2609","บริษัท เอ็นซิส จำกัด","","","","คุณโจ๊ก","1","AB-PBE011","AB-PBE011","ABLOY PBE011 Panic Bar DIN Standard","","2","34500","0","69000","244174","0","true","false","244174","กำหนดยืนราคา 30 วัน นับจากวันที่เสนอราคา ระยะเวลาส่งสินค้า 60 - 90 วัน มัดจำ 50% ส่วนที่เหลือวันส่งสินค้า"
"SST-QT-2609-010","2026-09-21","sent","Data Center - CHN1A","CUS-2609","บริษัท เอ็นซิส จำกัด","","","","คุณโจ๊ก","2","AB-EL560SET","EL560SET","ABLOY EL560 Complete SET - EL560 / Strike Plate - Single Cylinder - Handle - Lead Cover - Cable","Set","2","69600","0","139200","244174","0","true","false","244174","กำหนดยืนราคา 30 วัน นับจากวันที่เสนอราคา ระยะเวลาส่งสินค้า 60 - 90 วัน มัดจำ 50% ส่วนที่เหลือวันส่งสินค้า"
"SST-QT-2609-010","2026-09-21","sent","Data Center - CHN1A","CUS-2609","บริษัท เอ็นซิส จำกัด","","","","คุณโจ๊ก","3","Other","Other","ติดตั้งอุปกรณ์ล็อค ไม่รวมค่าเจาะประตู และเดินสายไฟ","EACH","2","10000","0","20000","244174","0","true","false","244174","กำหนดยืนราคา 30 วัน นับจากวันที่เสนอราคา ระยะเวลาส่งสินค้า 60 - 90 วัน มัดจำ 50% ส่วนที่เหลือวันส่งสินค้า"
"SST-QT-2609-011","2026-09-21","sent","Data Center - CHN2A","CUS-2609","บริษัท เอ็นซิส จำกัด","","","","คุณโจ๊ก","1","AB-PBE011","AB-PBE011","ABLOY PBE011 Panic Bar DIN Standard","","2","34500","0","69000","244174","0","true","false","244174","กำหนดยืนราคา 30 วัน นับจากวันที่เสนอราคา ระยะเวลาส่งสินค้า 60 - 90 วัน มัดจำ 50% ส่วนที่เหลือวันส่งสินค้า"
"SST-QT-2609-011","2026-09-21","sent","Data Center - CHN2A","CUS-2609","บริษัท เอ็นซิส จำกัด","","","","คุณโจ๊ก","2","AB-EL560SET","EL560SET","ABLOY EL560 Complete SET - EL560 / Strike Plate - Single Cylinder - Handle - Lead Cover - Cable","Set","2","69600","0","139200","244174","0","true","false","244174","กำหนดยืนราคา 30 วัน นับจากวันที่เสนอราคา ระยะเวลาส่งสินค้า 60 - 90 วัน มัดจำ 50% ส่วนที่เหลือวันส่งสินค้า"
"SST-QT-2609-011","2026-09-21","sent","Data Center - CHN2A","CUS-2609","บริษัท เอ็นซิส จำกัด","","","","คุณโจ๊ก","3","Other","Other","ติดตั้งอุปกรณ์ล็อค ไม่รวมค่าเจาะประตู และเดินสายไฟ","EACH","2","10000","0","20000","244174","0","true","false","244174","กำหนดยืนราคา 30 วัน นับจากวันที่เสนอราคา ระยะเวลาส่งสินค้า 60 - 90 วัน มัดจำ 50% ส่วนที่เหลือวันส่งสินค้า"
"SST-QT-2609-012","2026-09-21","sent","","CUS-2611","Enco Terminal (EnTer)","","","","","1","CU41BY","SALTO CONTROL UNIT Black Finish","SALTO CU41 Control Unit","EACH","1","7500","0","7500","11770","0","true","false","11770","กำหนดยืนราคา 30 วัน นับจากวันที่เสนอราคา"
"SST-QT-2609-012","2026-09-21","sent","","CUS-2611","Enco Terminal (EnTer)","","","","","2","Other","Other","Installation","EACH","1","3500","0","3500","11770","0","true","false","11770","กำหนดยืนราคา 30 วัน นับจากวันที่เสนอราคา"
"SST-QT-2609-013","2026-09-21","sent","Data Center - CHN1A","CUS-2609","บริษัท เอ็นซิส จำกัด","","","","คุณโจ๊ก","1","SK-DS1x25","SK-DS1x25","Steel Door 992x2492","","2","22500","0","45000","80250","0","true","false","80250","กำหนดยืนราคา 30 วัน นับจากวันที่เสนอราคา ระยะเวลาส่งสินค้า 60 - 90 วัน มัดจำ 50% ส่วนที่เหลือวันส่งสินค้า ราคาไม่รวมค่าเก็บสีผนัง ราคารวมเก็บงานปูน ราคาไม่รวมเก็บฝ้า สี และ กระเบื้อง ใช้เวลาติดตั้งประมาณ 3 วัน รวมวันอบรม 1 วัน รวมวันทำงานทั้งหมด 4 วัน หน้างานต้องเตรียมสถานที่ให้พร้อม เข้าทำงาน หากหน้างานไม่พร้อมแล้วช่างไปถึงแล้วคิดค่าใช้จ่ายวันละ 3,500 บาท"
"SST-QT-2609-013","2026-09-21","sent","Data Center - CHN1A","CUS-2609","บริษัท เอ็นซิส จำกัด","","","","คุณโจ๊ก","2","Other","Other","ค่าติดตั้งประตู ค่าทำวงกบประตู","EACH","2","15000","0","30000","80250","0","true","false","80250","กำหนดยืนราคา 30 วัน นับจากวันที่เสนอราคา ระยะเวลาส่งสินค้า 60 - 90 วัน มัดจำ 50% ส่วนที่เหลือวันส่งสินค้า ราคาไม่รวมค่าเก็บสีผนัง ราคารวมเก็บงานปูน ราคาไม่รวมเก็บฝ้า สี และ กระเบื้อง ใช้เวลาติดตั้งประมาณ 3 วัน รวมวันอบรม 1 วัน รวมวันทำงานทั้งหมด 4 วัน หน้างานต้องเตรียมสถานที่ให้พร้อม เข้าทำงาน หากหน้างานไม่พร้อมแล้วช่างไปถึงแล้วคิดค่าใช้จ่ายวันละ 3,500 บาท"
"SST-QT-2609-014","2026-09-24","sent","Data Center - CHN2A","CUS-2609","บริษัท เอ็นซิส จำกัด","","","","คุณโจ๊ก","1","SK-DS1x25","SK-DS1x25","Steel Door 992x2492","","2","22500","0","45000","80250","0","true","false","80250","กำหนดยืนราคา 30 วัน นับจากวันที่เสนอราคา ระยะเวลาส่งสินค้า 60 - 90 วัน มัดจำ 50% ส่วนที่เหลือวันส่งสินค้า ราคาไม่รวมค่าเก็บสีผนัง ราคารวมเก็บงานปูน ราคาไม่รวมเก็บฝ้า สี และ กระเบื้อง ใช้เวลาติดตั้งประมาณ 3 วัน รวมวันอบรม 1 วัน รวมวันทำงานทั้งหมด 4 วัน หน้างานต้องเตรียมสถานที่ให้พร้อม เข้าทำงาน หากหน้างานไม่พร้อมแล้วช่างไปถึงแล้วคิดค่าใช้จ่ายวันละ 3,500 บาท"
"SST-QT-2609-014","2026-09-24","sent","Data Center - CHN2A","CUS-2609","บริษัท เอ็นซิส จำกัด","","","","คุณโจ๊ก","2","Other","Other","ค่าติดตั้งประตู ค่าทำวงกบประตู","EACH","2","15000","0","30000","80250","0","true","false","80250","กำหนดยืนราคา 30 วัน นับจากวันที่เสนอราคา ระยะเวลาส่งสินค้า 60 - 90 วัน มัดจำ 50% ส่วนที่เหลือวันส่งสินค้า ราคาไม่รวมค่าเก็บสีผนัง ราคารวมเก็บงานปูน ราคาไม่รวมเก็บฝ้า สี และ กระเบื้อง ใช้เวลาติดตั้งประมาณ 3 วัน รวมวันอบรม 1 วัน รวมวันทำงานทั้งหมด 4 วัน หน้างานต้องเตรียมสถานที่ให้พร้อม เข้าทำงาน หากหน้างานไม่พร้อมแล้วช่างไปถึงแล้วคิดค่าใช้จ่ายวันละ 3,500 บาท"
"SST-QT-2609-015","2026-09-25","sent","","C00095","นิติบุคคลอาคารชุด ไลฟ์ รัชดาภิเษก","","279 ถนนรัชดาภิเษก แขวงห้วยขวาง เขตห้วยขวาง กรุงเทพมหานคร 10310","02-2741254","","1","HID1386","HID 1386","HID Card แบบบาง","CARD","100","190","0","19000","20330","0","true","false","20330","กำหนดยืนราคา 30 วัน นับจากวันที่เสนอราคา"